sample,allocations,bytes_requested,bytes_committed,overflow_blocks,bytes_per_epoch,retained_epochs
0,2,5600,0,0,65536,16
1,2,5600,0,0,65536,16
2,2,5600,0,0,65536,16
3,2,5600,0,0,65536,16
4,2,5600,0,0,65536,16
5,2,5600,0,0,65536,16
6,2,5600,0,0,65536,16
7,2,5600,0,0,65536,16
8,2,5600,0,0,65536,16
9,2,5600,0,0,65536,16
10,2,5600,0,0,65536,16
11,2,5600,0,0,65536,16
12,2,5600,0,0,65536,16
13,2,5600,0,0,65536,16
14,2,5600,0,0,65536,16
15,2,5600,0,0,65536,16
16,2,5600,0,0,65536,16
17,2,5600,0,0,65536,16
18,2,5600,0,0,65536,16
19,2,5600,0,0,65536,16
20,2,5600,0,0,65536,16
21,2,5600,0,0,65536,16
22,2,5600,0,0,65536,16
23,2,5600,0,0,65536,16
24,2,5600,0,0,65536,16
25,2,5600,0,0,65536,16
26,2,5600,0,0,65536,16
27,2,5600,0,0,65536,16
28,2,5600,0,0,65536,16
29,2,5600,0,0,65536,16
30,2,5600,0,0,65536,16
31,2,5600,0,0,65536,16
32,2,5600,0,0,65536,16
33,2,5600,0,0,65536,16
34,2,5600,0,0,65536,16
35,2,5600,0,0,65536,16
36,2,5600,0,0,65536,16
37,2,5600,0,0,65536,16
38,2,5600,0,0,65536,16
39,2,5600,0,0,65536,16
40,2,5600,0,0,65536,16
41,2,5600,0,0,65536,16
42,2,5600,0,0,65536,16
43,2,5600,0,0,65536,16
44,2,5600,0,0,65536,16
45,2,5600,0,0,65536,16
46,2,5600,0,0,65536,16
47,2,5600,0,0,65536,16
48,2,5600,0,0,65536,16
49,2,5600,0,0,65536,16
50,2,5600,0,0,65536,16
51,2,5600,0,0,65536,16
52,2,5600,0,0,65536,16
53,2,5600,0,0,65536,16
54,2,5600,0,0,65536,16
55,2,5600,0,0,65536,16
56,2,5600,0,0,65536,16
57,2,5600,0,0,65536,16
58,2,5600,0,0,65536,16
59,2,5600,0,0,65536,16
60,2,5600,0,0,65536,16
61,2,5600,0,0,65536,16
62,2,5600,0,0,65536,16
63,2,5600,0,0,65536,16
64,2,5600,0,0,65536,16
65,2,5600,0,0,65536,16
66,2,5600,0,0,65536,16
67,2,5600,0,0,65536,16
68,2,5600,0,0,65536,16
69,2,5600,0,0,65536,16
70,2,5600,0,0,65536,16
71,2,5600,0,0,65536,16
72,2,5600,0,0,65536,16
73,2,5600,0,0,65536,16
74,2,5600,0,0,65536,16
75,2,5600,0,0,65536,16
76,2,5600,0,0,65536,16
77,2,5600,0,0,65536,16
78,2,5600,0,0,65536,16
79,2,5600,0,0,65536,16
80,2,5600,0,0,65536,16
81,2,5600,0,0,65536,16
82,2,5600,0,0,65536,16
83,2,5600,0,0,65536,16
84,2,5600,0,0,65536,16
85,2,5600,0,0,65536,16
86,2,5600,0,0,65536,16
87,2,5600,0,0,65536,16
88,2,5600,0,0,65536,16
89,2,5600,0,0,65536,16
90,2,5600,0,0,65536,16
91,2,5600,0,0,65536,16
92,2,5600,0,0,65536,16
93,2,5600,0,0,65536,16
94,2,5600,0,0,65536,16
95,2,5600,0,0,65536,16
96,2,5600,0,0,65536,16
97,2,5600,0,0,65536,16
98,2,5600,0,0,65536,16
99,2,5600,0,0,65536,16
100,2,5600,0,0,65536,16
101,2,5600,0,0,65536,16
102,2,5600,0,0,65536,16
103,2,5600,0,0,65536,16
104,2,5600,0,0,65536,16
105,2,5600,0,0,65536,16
106,2,5600,0,0,65536,16
107,2,5600,0,0,65536,16
108,2,5600,0,0,65536,16
109,2,5600,0,0,65536,16
110,2,5600,0,0,65536,16
111,2,5600,0,0,65536,16
112,2,5600,0,0,65536,16
113,2,5600,0,0,65536,16
114,2,5600,0,0,65536,16
115,2,5600,0,0,65536,16
116,2,5600,0,0,65536,16
117,2,5600,0,0,65536,16
118,2,5600,0,0,65536,16
119,2,5600,0,0,65536,16
120,2,5600,0,0,65536,16
121,2,5600,0,0,65536,16
122,2,5600,0,0,65536,16
123,2,5600,0,0,65536,16
124,2,5600,0,0,65536,16
125,2,5600,0,0,65536,16
126,2,5600,0,0,65536,16
127,2,5600,0,0,65536,16
128,2,5600,0,0,65536,16
129,2,5600,0,0,65536,16
130,2,5600,0,0,65536,16
131,2,5600,0,0,65536,16
132,2,5600,0,0,65536,16
133,2,5600,0,0,65536,16
134,2,5600,0,0,65536,16
135,2,5600,0,0,65536,16
136,2,5600,0,0,65536,16
137,2,5600,0,0,65536,16
138,2,5600,0,0,65536,16
139,2,5600,0,0,65536,16
140,2,5600,0,0,65536,16
141,2,5600,0,0,65536,16
142,2,5600,0,0,65536,16
143,2,5600,0,0,65536,16
144,2,5600,0,0,65536,16
145,2,5600,0,0,65536,16
146,2,5600,0,0,65536,16
147,2,5600,0,0,65536,16
148,2,5600,0,0,65536,16
149,2,5600,0,0,65536,16
150,2,5600,0,0,65536,16
151,2,5600,0,0,65536,16
152,2,5600,0,0,65536,16
153,2,5600,0,0,65536,16
154,2,5600,0,0,65536,16
155,2,5600,0,0,65536,16
156,2,5600,0,0,65536,16
157,2,5600,0,0,65536,16
158,2,5600,0,0,65536,16
159,2,5600,0,0,65536,16
160,2,5600,0,0,65536,16
161,2,5600,0,0,65536,16
162,2,5600,0,0,65536,16
163,2,5600,0,0,65536,16
164,2,5600,0,0,65536,16
165,2,5600,0,0,65536,16
166,2,5600,0,0,65536,16
167,2,5600,0,0,65536,16
168,2,5600,0,0,65536,16
169,2,5600,0,0,65536,16
170,2,5600,0,0,65536,16
171,2,5600,0,0,65536,16
172,2,5600,0,0,65536,16
173,2,5600,0,0,65536,16
174,2,5600,0,0,65536,16
175,2,5600,0,0,65536,16
176,2,5600,0,0,65536,16
177,2,5600,0,0,65536,16
178,2,5600,0,0,65536,16
179,2,5600,0,0,65536,16
180,2,5600,0,0,65536,16
181,2,5600,0,0,65536,16
182,2,5600,0,0,65536,16
183,2,5600,0,0,65536,16
184,2,5600,0,0,65536,16
185,2,5600,0,0,65536,16
186,2,5600,0,0,65536,16
187,2,5600,0,0,65536,16
188,2,5600,0,0,65536,16
189,2,5600,0,0,65536,16
190,2,5600,0,0,65536,16
191,2,5600,0,0,65536,16
192,2,5600,0,0,65536,16
193,2,5600,0,0,65536,16
194,2,5600,0,0,65536,16
195,2,5600,0,0,65536,16
196,2,5600,0,0,65536,16
197,2,5600,0,0,65536,16
198,2,5600,0,0,65536,16
199,2,5600,0,0,65536,16
200,2,5600,0,0,65536,16
201,2,5600,0,0,65536,16
202,2,5600,0,0,65536,16
203,2,5600,0,0,65536,16
204,2,5600,0,0,65536,16
205,2,5600,0,0,65536,16
206,2,5600,0,0,65536,16
207,2,5600,0,0,65536,16
208,2,5600,0,0,65536,16
209,2,5600,0,0,65536,16
210,2,5600,0,0,65536,16
211,2,5600,0,0,65536,16
212,2,5600,0,0,65536,16
213,2,5600,0,0,65536,16
214,2,5600,0,0,65536,16
215,2,5600,0,0,65536,16
216,2,5600,0,0,65536,16
217,2,5600,0,0,65536,16
218,2,5600,0,0,65536,16
219,2,5600,0,0,65536,16
220,2,5600,0,0,65536,16
221,2,5600,0,0,65536,16
222,2,5600,0,0,65536,16
223,2,5600,0,0,65536,16
224,2,5600,0,0,65536,16
225,2,5600,0,0,65536,16
226,2,5600,0,0,65536,16
227,2,5600,0,0,65536,16
228,2,5600,0,0,65536,16
229,2,5600,0,0,65536,16
230,2,5600,0,0,65536,16
231,2,5600,0,0,65536,16
232,2,5600,0,0,65536,16
233,2,5600,0,0,65536,16
234,2,5600,0,0,65536,16
235,2,5600,0,0,65536,16
236,2,5600,0,0,65536,16
237,2,5600,0,0,65536,16
238,2,5600,0,0,65536,16
239,2,5600,0,0,65536,16
240,2,5600,0,0,65536,16
241,2,5600,0,0,65536,16
242,2,5600,0,0,65536,16
243,2,5600,0,0,65536,16
244,2,5600,0,0,65536,16
245,2,5600,0,0,65536,16
246,2,5600,0,0,65536,16
247,2,5600,0,0,65536,16
248,2,5600,0,0,65536,16
249,2,5600,0,0,65536,16
250,2,5600,0,0,65536,16
251,2,5600,0,0,65536,16
252,2,5600,0,0,65536,16
253,2,5600,0,0,65536,16
254,2,5600,0,0,65536,16
255,2,5600,0,0,65536,16
256,2,5600,0,0,65536,16
257,2,5600,0,0,65536,16
258,2,5600,0,0,65536,16
259,2,5600,0,0,65536,16
260,2,5600,0,0,65536,16
261,2,5600,0,0,65536,16
262,2,5600,0,0,65536,16
263,2,5600,0,0,65536,16
264,2,5600,0,0,65536,16
265,2,5600,0,0,65536,16
266,2,5600,0,0,65536,16
267,2,5600,0,0,65536,16
268,2,5600,0,0,65536,16
269,2,5600,0,0,65536,16
270,2,5600,0,0,65536,16
271,2,5600,0,0,65536,16
272,2,5600,0,0,65536,16
273,2,5600,0,0,65536,16
274,2,5600,0,0,65536,16
275,2,5600,0,0,65536,16
276,2,5600,0,0,65536,16
277,2,5600,0,0,65536,16
278,2,5600,0,0,65536,16
279,2,5600,0,0,65536,16
280,2,5600,0,0,65536,16
281,2,5600,0,0,65536,16
282,2,5600,0,0,65536,16
283,2,5600,0,0,65536,16
284,2,5600,0,0,65536,16
285,2,5600,0,0,65536,16
286,2,5600,0,0,65536,16
287,2,5600,0,0,65536,16
288,2,5600,0,0,65536,16
289,2,5600,0,0,65536,16
290,2,5600,0,0,65536,16
291,2,5600,0,0,65536,16
292,2,5600,0,0,65536,16
293,2,5600,0,0,65536,16
294,2,5600,0,0,65536,16
295,2,5600,0,0,65536,16
296,2,5600,0,0,65536,16
297,2,5600,0,0,65536,16
298,2,5600,0,0,65536,16
299,2,5600,0,0,65536,16
300,2,5600,0,0,65536,16
301,2,5600,0,0,65536,16
302,2,5600,0,0,65536,16
303,2,5600,0,0,65536,16
304,2,5600,0,0,65536,16
305,2,5600,0,0,65536,16
306,2,5600,0,0,65536,16
307,2,5600,0,0,65536,16
308,2,5600,0,0,65536,16
309,2,5600,0,0,65536,16
310,2,5600,0,0,65536,16
311,2,5600,0,0,65536,16
312,2,5600,0,0,65536,16
313,2,5600,0,0,65536,16
314,2,5600,0,0,65536,16
315,2,5600,0,0,65536,16
316,2,5600,0,0,65536,16
317,2,5600,0,0,65536,16
318,2,5600,0,0,65536,16
319,2,5600,0,0,65536,16
320,2,5600,0,0,65536,16
321,2,5600,0,0,65536,16
322,2,5600,0,0,65536,16
323,2,5600,0,0,65536,16
324,2,5600,0,0,65536,16
325,2,5600,0,0,65536,16
326,2,5600,0,0,65536,16
327,2,5600,0,0,65536,16
328,2,5600,0,0,65536,16
329,2,5600,0,0,65536,16
330,2,5600,0,0,65536,16
331,2,5600,0,0,65536,16
332,2,5600,0,0,65536,16
333,2,5600,0,0,65536,16
334,2,5600,0,0,65536,16
335,2,5600,0,0,65536,16
336,2,5600,0,0,65536,16
337,2,5600,0,0,65536,16
338,2,5600,0,0,65536,16
339,2,5600,0,0,65536,16
340,2,5600,0,0,65536,16
341,2,5600,0,0,65536,16
342,2,5600,0,0,65536,16
343,2,5600,0,0,65536,16
344,2,5600,0,0,65536,16
345,2,5600,0,0,65536,16
346,2,5600,0,0,65536,16
347,2,5600,0,0,65536,16
348,2,5600,0,0,65536,16
349,2,5600,0,0,65536,16
350,2,5600,0,0,65536,16
351,2,5600,0,0,65536,16
352,2,5600,0,0,65536,16
353,2,5600,0,0,65536,16
354,2,5600,0,0,65536,16
355,2,5600,0,0,65536,16
356,2,5600,0,0,65536,16
357,2,5600,0,0,65536,16
358,2,5600,0,0,65536,16
359,2,5600,0,0,65536,16
360,2,5600,0,0,65536,16
361,2,5600,0,0,65536,16
362,2,5600,0,0,65536,16
363,2,5600,0,0,65536,16
364,2,5600,0,0,65536,16
365,2,5600,0,0,65536,16
366,2,5600,0,0,65536,16
367,2,5600,0,0,65536,16
368,2,5600,0,0,65536,16
369,2,5600,0,0,65536,16
370,2,5600,0,0,65536,16
371,2,5600,0,0,65536,16
372,2,5600,0,0,65536,16
373,2,5600,0,0,65536,16
374,2,5600,0,0,65536,16
375,2,5600,0,0,65536,16
376,2,5600,0,0,65536,16
377,2,5600,0,0,65536,16
378,2,5600,0,0,65536,16
379,2,5600,0,0,65536,16
380,2,5600,0,0,65536,16
381,2,5600,0,0,65536,16
382,2,5600,0,0,65536,16
383,2,5600,0,0,65536,16
384,2,5600,0,0,65536,16
385,2,5600,0,0,65536,16
386,2,5600,0,0,65536,16
387,2,5600,0,0,65536,16
388,2,5600,0,0,65536,16
389,2,5600,0,0,65536,16
390,2,5600,0,0,65536,16
391,2,5600,0,0,65536,16
392,2,5600,0,0,65536,16
393,2,5600,0,0,65536,16
394,2,5600,0,0,65536,16
395,2,5600,0,0,65536,16
396,2,5600,0,0,65536,16
397,2,5600,0,0,65536,16
398,2,5600,0,0,65536,16
399,2,5600,0,0,65536,16
400,2,5600,0,0,65536,16
401,2,5600,0,0,65536,16
402,2,5600,0,0,65536,16
403,2,5600,0,0,65536,16
404,2,5600,0,0,65536,16
405,2,5600,0,0,65536,16
406,2,5600,0,0,65536,16
407,2,5600,0,0,65536,16
408,2,5600,0,0,65536,16
409,2,5600,0,0,65536,16
410,2,5600,0,0,65536,16
411,2,5600,0,0,65536,16
412,2,5600,0,0,65536,16
413,2,5600,0,0,65536,16
414,2,5600,0,0,65536,16
415,2,5600,0,0,65536,16
416,2,5600,0,0,65536,16
417,2,5600,0,0,65536,16
418,2,5600,0,0,65536,16
419,2,5600,0,0,65536,16
420,2,5600,0,0,65536,16
421,2,5600,0,0,65536,16
422,2,5600,0,0,65536,16
423,2,5600,0,0,65536,16
424,2,5600,0,0,65536,16
425,2,5600,0,0,65536,16
426,2,5600,0,0,65536,16
427,2,5600,0,0,65536,16
428,2,5600,0,0,65536,16
429,2,5600,0,0,65536,16
430,2,5600,0,0,65536,16
431,2,5600,0,0,65536,16
432,2,5600,0,0,65536,16
433,2,5600,0,0,65536,16
434,2,5600,0,0,65536,16
435,2,5600,0,0,65536,16
436,2,5600,0,0,65536,16
437,2,5600,0,0,65536,16
438,2,5600,0,0,65536,16
439,2,5600,0,0,65536,16
440,2,5600,0,0,65536,16
441,2,5600,0,0,65536,16
442,2,5600,0,0,65536,16
443,2,5600,0,0,65536,16
444,2,5600,0,0,65536,16
445,2,5600,0,0,65536,16
446,2,5600,0,0,65536,16
447,2,5600,0,0,65536,16
448,2,5600,0,0,65536,16
449,2,5600,0,0,65536,16
450,2,5600,0,0,65536,16
451,2,5600,0,0,65536,16
452,2,5600,0,0,65536,16
453,2,5600,0,0,65536,16
454,2,5600,0,0,65536,16
455,2,5600,0,0,65536,16
456,2,5600,0,0,65536,16
457,2,5600,0,0,65536,16
458,2,5600,0,0,65536,16
459,2,5600,0,0,65536,16
460,2,5600,0,0,65536,16
461,2,5600,0,0,65536,16
462,2,5600,0,0,65536,16
463,2,5600,0,0,65536,16
464,2,5600,0,0,65536,16
465,2,5600,0,0,65536,16
466,2,5600,0,0,65536,16
467,2,5600,0,0,65536,16
468,2,5600,0,0,65536,16
469,2,5600,0,0,65536,16
470,2,5600,0,0,65536,16
471,2,5600,0,0,65536,16
472,2,5600,0,0,65536,16
473,2,5600,0,0,65536,16
474,2,5600,0,0,65536,16
475,2,5600,0,0,65536,16
476,2,5600,0,0,65536,16
477,2,5600,0,0,65536,16
478,2,5600,0,0,65536,16
479,2,5600,0,0,65536,16
480,2,5600,0,0,65536,16
481,2,5600,0,0,65536,16
482,2,5600,0,0,65536,16
483,2,5600,0,0,65536,16
484,2,5600,0,0,65536,16
485,2,5600,0,0,65536,16
486,2,5600,0,0,65536,16
487,2,5600,0,0,65536,16
488,2,5600,0,0,65536,16
489,2,5600,0,0,65536,16
490,2,5600,0,0,65536,16
491,2,5600,0,0,65536,16
492,2,5600,0,0,65536,16
493,2,5600,0,0,65536,16
494,2,5600,0,0,65536,16
495,2,5600,0,0,65536,16
496,2,5600,0,0,65536,16
497,2,5600,0,0,65536,16
498,2,5600,0,0,65536,16
499,2,5600,0,0,65536,16
500,2,5600,0,0,65536,16
501,2,5600,0,0,65536,16
502,2,5600,0,0,65536,16
503,2,5600,0,0,65536,16
504,2,5600,0,0,65536,16
505,2,5600,0,0,65536,16
506,2,5600,0,0,65536,16
507,2,5600,0,0,65536,16
508,2,5600,0,0,65536,16
509,2,5600,0,0,65536,16
510,2,5600,0,0,65536,16
511,2,5600,0,0,65536,16
512,2,5600,0,0,65536,16
513,2,5600,0,0,65536,16
514,2,5600,0,0,65536,16
515,2,5600,0,0,65536,16
516,2,5600,0,0,65536,16
517,2,5600,0,0,65536,16
518,2,5600,0,0,65536,16
519,2,5600,0,0,65536,16
520,2,5600,0,0,65536,16
521,2,5600,0,0,65536,16
522,2,5600,0,0,65536,16
523,2,5600,0,0,65536,16
524,2,5600,0,0,65536,16
525,2,5600,0,0,65536,16
526,2,5600,0,0,65536,16
527,2,5600,0,0,65536,16
528,2,5600,0,0,65536,16
529,2,5600,0,0,65536,16
530,2,5600,0,0,65536,16
531,2,5600,0,0,65536,16
532,2,5600,0,0,65536,16
533,2,5600,0,0,65536,16
534,2,5600,0,0,65536,16
535,2,5600,0,0,65536,16
536,2,5600,0,0,65536,16
537,2,5600,0,0,65536,16
538,2,5600,0,0,65536,16
539,2,5600,0,0,65536,16
540,2,5600,0,0,65536,16
541,2,5600,0,0,65536,16
542,2,5600,0,0,65536,16
543,2,5600,0,0,65536,16
544,2,5600,0,0,65536,16
545,2,5600,0,0,65536,16
546,2,5600,0,0,65536,16
547,2,5600,0,0,65536,16
548,2,5600,0,0,65536,16
549,2,5600,0,0,65536,16
550,2,5600,0,0,65536,16
551,2,5600,0,0,65536,16
552,2,5600,0,0,65536,16
553,2,5600,0,0,65536,16
554,2,5600,0,0,65536,16
555,2,5600,0,0,65536,16
556,2,5600,0,0,65536,16
557,2,5600,0,0,65536,16
558,2,5600,0,0,65536,16
559,2,5600,0,0,65536,16
560,2,5600,0,0,65536,16
561,2,5600,0,0,65536,16
562,2,5600,0,0,65536,16
563,2,5600,0,0,65536,16
564,2,5600,0,0,65536,16
565,2,5600,0,0,65536,16
566,2,5600,0,0,65536,16
567,2,5600,0,0,65536,16
568,2,5600,0,0,65536,16
569,2,5600,0,0,65536,16
570,2,5600,0,0,65536,16
571,2,5600,0,0,65536,16
572,2,5600,0,0,65536,16
573,2,5600,0,0,65536,16
574,2,5600,0,0,65536,16
575,2,5600,0,0,65536,16
576,2,5600,0,0,65536,16
577,2,5600,0,0,65536,16
578,2,5600,0,0,65536,16
579,2,5600,0,0,65536,16
580,2,5600,0,0,65536,16
581,2,5600,0,0,65536,16
582,2,5600,0,0,65536,16
583,2,5600,0,0,65536,16
584,2,5600,0,0,65536,16
585,2,5600,0,0,65536,16
586,2,5600,0,0,65536,16
587,2,5600,0,0,65536,16
588,2,5600,0,0,65536,16
589,2,5600,0,0,65536,16
590,2,5600,0,0,65536,16
591,2,5600,0,0,65536,16
592,2,5600,0,0,65536,16
593,2,5600,0,0,65536,16
594,2,5600,0,0,65536,16
595,2,5600,0,0,65536,16
596,2,5600,0,0,65536,16
597,2,5600,0,0,65536,16
598,2,5600,0,0,65536,16
599,2,5600,0,0,65536,16
600,2,5600,0,0,65536,16
601,2,5600,0,0,65536,16
602,2,5600,0,0,65536,16
603,2,5600,0,0,65536,16
604,2,5600,0,0,65536,16
605,2,5600,0,0,65536,16
606,2,5600,0,0,65536,16
607,2,5600,0,0,65536,16
608,2,5600,0,0,65536,16
609,2,5600,0,0,65536,16
610,2,5600,0,0,65536,16
611,2,5600,0,0,65536,16
612,2,5600,0,0,65536,16
613,2,5600,0,0,65536,16
614,2,5600,0,0,65536,16
615,2,5600,0,0,65536,16
616,2,5600,0,0,65536,16
617,2,5600,0,0,65536,16
618,2,5600,0,0,65536,16
619,2,5600,0,0,65536,16
620,2,5600,0,0,65536,16
621,2,5600,0,0,65536,16
622,2,5600,0,0,65536,16
623,2,5600,0,0,65536,16
624,2,5600,0,0,65536,16
625,2,5600,0,0,65536,16
626,2,5600,0,0,65536,16
627,2,5600,0,0,65536,16
628,2,5600,0,0,65536,16
629,2,5600,0,0,65536,16
630,2,5600,0,0,65536,16
631,2,5600,0,0,65536,16
632,2,5600,0,0,65536,16
633,2,5600,0,0,65536,16
634,2,5600,0,0,65536,16
635,2,5600,0,0,65536,16
636,2,5600,0,0,65536,16
637,2,5600,0,0,65536,16
638,2,5600,0,0,65536,16
639,2,5600,0,0,65536,16
640,2,5600,0,0,65536,16
641,2,5600,0,0,65536,16
642,2,5600,0,0,65536,16
643,2,5600,0,0,65536,16
644,2,5600,0,0,65536,16
645,2,5600,0,0,65536,16
646,2,5600,0,0,65536,16
647,2,5600,0,0,65536,16
648,2,5600,0,0,65536,16
649,2,5600,0,0,65536,16
650,2,5600,0,0,65536,16
651,2,5600,0,0,65536,16
652,2,5600,0,0,65536,16
653,2,5600,0,0,65536,16
654,2,5600,0,0,65536,16
655,2,5600,0,0,65536,16
656,2,5600,0,0,65536,16
657,2,5600,0,0,65536,16
658,2,5600,0,0,65536,16
659,2,5600,0,0,65536,16
660,2,5600,0,0,65536,16
661,2,5600,0,0,65536,16
662,2,5600,0,0,65536,16
663,2,5600,0,0,65536,16
664,2,5600,0,0,65536,16
665,2,5600,0,0,65536,16
666,2,5600,0,0,65536,16
667,2,5600,0,0,65536,16
668,2,5600,0,0,65536,16
669,2,5600,0,0,65536,16
670,2,5600,0,0,65536,16
671,2,5600,0,0,65536,16
672,2,5600,0,0,65536,16
673,2,5600,0,0,65536,16
674,2,5600,0,0,65536,16
675,2,5600,0,0,65536,16
676,2,5600,0,0,65536,16
677,2,5600,0,0,65536,16
678,2,5600,0,0,65536,16
679,2,5600,0,0,65536,16
680,2,5600,0,0,65536,16
681,2,5600,0,0,65536,16
682,2,5600,0,0,65536,16
683,2,5600,0,0,65536,16
684,2,5600,0,0,65536,16
685,2,5600,0,0,65536,16
686,2,5600,0,0,65536,16
687,2,5600,0,0,65536,16
688,2,5600,0,0,65536,16
689,2,5600,0,0,65536,16
690,2,5600,0,0,65536,16
691,2,5600,0,0,65536,16
692,2,5600,0,0,65536,16
693,2,5600,0,0,65536,16
694,2,5600,0,0,65536,16
695,2,5600,0,0,65536,16
696,2,5600,0,0,65536,16
697,2,5600,0,0,65536,16
698,2,5600,0,0,65536,16
699,2,5600,0,0,65536,16
700,2,5600,0,0,65536,16
701,2,5600,0,0,65536,16
702,2,5600,0,0,65536,16
703,2,5600,0,0,65536,16
704,2,5600,0,0,65536,16
705,2,5600,0,0,65536,16
706,2,5600,0,0,65536,16
707,2,5600,0,0,65536,16
708,2,5600,0,0,65536,16
709,2,5600,0,0,65536,16
710,2,5600,0,0,65536,16
711,2,5600,0,0,65536,16
712,2,5600,0,0,65536,16
713,2,5600,0,0,65536,16
714,2,5600,0,0,65536,16
715,2,5600,0,0,65536,16
716,2,5600,0,0,65536,16
717,2,5600,0,0,65536,16
718,2,5600,0,0,65536,16
719,2,5600,0,0,65536,16
720,2,5600,0,0,65536,16
721,2,5600,0,0,65536,16
722,2,5600,0,0,65536,16
723,2,5600,0,0,65536,16
724,2,5600,0,0,65536,16
725,2,5600,0,0,65536,16
726,2,5600,0,0,65536,16
727,2,5600,0,0,65536,16
728,2,5600,0,0,65536,16
729,2,5600,0,0,65536,16
730,2,5600,0,0,65536,16
731,2,5600,0,0,65536,16
732,2,5600,0,0,65536,16
733,2,5600,0,0,65536,16
734,2,5600,0,0,65536,16
735,2,5600,0,0,65536,16
736,2,5600,0,0,65536,16
737,2,5600,0,0,65536,16
738,2,5600,0,0,65536,16
739,2,5600,0,0,65536,16
740,2,5600,0,0,65536,16
741,2,5600,0,0,65536,16
742,2,5600,0,0,65536,16
743,2,5600,0,0,65536,16
744,2,5600,0,0,65536,16
745,2,5600,0,0,65536,16
746,2,5600,0,0,65536,16
747,2,5600,0,0,65536,16
748,2,5600,0,0,65536,16
749,2,5600,0,0,65536,16
750,2,5600,0,0,65536,16
751,2,5600,0,0,65536,16
752,2,5600,0,0,65536,16
753,2,5600,0,0,65536,16
754,2,5600,0,0,65536,16
755,2,5600,0,0,65536,16
756,2,5600,0,0,65536,16
757,2,5600,0,0,65536,16
758,2,5600,0,0,65536,16
759,2,5600,0,0,65536,16
760,2,5600,0,0,65536,16
761,2,5600,0,0,65536,16
762,2,5600,0,0,65536,16
763,2,5600,0,0,65536,16
764,2,5600,0,0,65536,16
765,2,5600,0,0,65536,16
766,2,5600,0,0,65536,16
767,2,5600,0,0,65536,16
768,2,5600,0,0,65536,16
769,2,5600,0,0,65536,16
770,2,5600,0,0,65536,16
771,2,5600,0,0,65536,16
772,2,5600,0,0,65536,16
773,2,5600,0,0,65536,16
774,2,5600,0,0,65536,16
775,2,5600,0,0,65536,16
776,2,5600,0,0,65536,16
777,2,5600,0,0,65536,16
778,2,5600,0,0,65536,16
779,2,5600,0,0,65536,16
780,2,5600,0,0,65536,16
781,2,5600,0,0,65536,16
782,2,5600,0,0,65536,16
783,2,5600,0,0,65536,16
784,2,5600,0,0,65536,16
785,2,5600,0,0,65536,16
786,2,5600,0,0,65536,16
787,2,5600,0,0,65536,16
788,2,5600,0,0,65536,16
789,2,5600,0,0,65536,16
790,2,5600,0,0,65536,16
791,2,5600,0,0,65536,16
792,2,5600,0,0,65536,16
793,2,5600,0,0,65536,16
794,2,5600,0,0,65536,16
795,2,5600,0,0,65536,16
796,2,5600,0,0,65536,16
797,2,5600,0,0,65536,16
798,2,5600,0,0,65536,16
799,2,5600,0,0,65536,16
800,2,5600,0,0,65536,16
801,2,5600,0,0,65536,16
802,2,5600,0,0,65536,16
803,2,5600,0,0,65536,16
804,2,5600,0,0,65536,16
805,2,5600,0,0,65536,16
806,2,5600,0,0,65536,16
807,2,5600,0,0,65536,16
808,2,5600,0,0,65536,16
809,2,5600,0,0,65536,16
810,2,5600,0,0,65536,16
811,2,5600,0,0,65536,16
812,2,5600,0,0,65536,16
813,2,5600,0,0,65536,16
814,2,5600,0,0,65536,16
815,2,5600,0,0,65536,16
816,2,5600,0,0,65536,16
817,2,5600,0,0,65536,16
818,2,5600,0,0,65536,16
819,2,5600,0,0,65536,16
820,2,5600,0,0,65536,16
821,2,5600,0,0,65536,16
822,2,5600,0,0,65536,16
823,2,5600,0,0,65536,16
824,2,5600,0,0,65536,16
825,2,5600,0,0,65536,16
826,2,5600,0,0,65536,16
827,2,5600,0,0,65536,16
828,2,5600,0,0,65536,16
829,2,5600,0,0,65536,16
830,2,5600,0,0,65536,16
831,2,5600,0,0,65536,16
832,2,5600,0,0,65536,16
833,2,5600,0,0,65536,16
834,2,5600,0,0,65536,16
835,2,5600,0,0,65536,16
836,2,5600,0,0,65536,16
837,2,5600,0,0,65536,16
838,2,5600,0,0,65536,16
839,2,5600,0,0,65536,16
840,2,5600,0,0,65536,16
841,2,5600,0,0,65536,16
842,2,5600,0,0,65536,16
843,2,5600,0,0,65536,16
844,2,5600,0,0,65536,16
845,2,5600,0,0,65536,16
846,2,5600,0,0,65536,16
847,2,5600,0,0,65536,16
848,2,5600,0,0,65536,16
849,2,5600,0,0,65536,16
850,2,5600,0,0,65536,16
851,2,5600,0,0,65536,16
852,2,5600,0,0,65536,16
853,2,5600,0,0,65536,16
854,2,5600,0,0,65536,16
855,2,5600,0,0,65536,16
856,2,5600,0,0,65536,16
857,2,5600,0,0,65536,16
858,2,5600,0,0,65536,16
859,2,5600,0,0,65536,16
860,2,5600,0,0,65536,16
861,2,5600,0,0,65536,16
862,2,5600,0,0,65536,16
863,2,5600,0,0,65536,16
864,2,5600,0,0,65536,16
865,2,5600,0,0,65536,16
866,2,5600,0,0,65536,16
867,2,5600,0,0,65536,16
868,2,5600,0,0,65536,16
869,2,5600,0,0,65536,16
870,2,5600,0,0,65536,16
871,2,5600,0,0,65536,16
872,2,5600,0,0,65536,16
873,2,5600,0,0,65536,16
874,2,5600,0,0,65536,16
875,2,5600,0,0,65536,16
876,2,5600,0,0,65536,16
877,2,5600,0,0,65536,16
878,2,5600,0,0,65536,16
879,2,5600,0,0,65536,16
880,2,5600,0,0,65536,16
881,2,5600,0,0,65536,16
882,2,5600,0,0,65536,16
883,2,5600,0,0,65536,16
884,2,5600,0,0,65536,16
885,2,5600,0,0,65536,16
886,2,5600,0,0,65536,16
887,2,5600,0,0,65536,16
888,2,5600,0,0,65536,16
889,2,5600,0,0,65536,16
890,2,5600,0,0,65536,16
891,2,5600,0,0,65536,16
892,2,5600,0,0,65536,16
893,2,5600,0,0,65536,16
894,2,5600,0,0,65536,16
895,2,5600,0,0,65536,16
896,2,5600,0,0,65536,16
897,2,5600,0,0,65536,16
898,2,5600,0,0,65536,16
899,2,5600,0,0,65536,16
900,2,5600,0,0,65536,16
901,2,5600,0,0,65536,16
902,2,5600,0,0,65536,16
903,2,5600,0,0,65536,16
904,2,5600,0,0,65536,16
905,2,5600,0,0,65536,16
906,2,5600,0,0,65536,16
907,2,5600,0,0,65536,16
908,2,5600,0,0,65536,16
909,2,5600,0,0,65536,16
910,2,5600,0,0,65536,16
911,2,5600,0,0,65536,16
912,2,5600,0,0,65536,16
913,2,5600,0,0,65536,16
914,2,5600,0,0,65536,16
915,2,5600,0,0,65536,16
916,2,5600,0,0,65536,16
917,2,5600,0,0,65536,16
918,2,5600,0,0,65536,16
919,2,5600,0,0,65536,16
920,2,5600,0,0,65536,16
921,2,5600,0,0,65536,16
922,2,5600,0,0,65536,16
923,2,5600,0,0,65536,16
924,2,5600,0,0,65536,16
925,2,5600,0,0,65536,16
926,2,5600,0,0,65536,16
927,2,5600,0,0,65536,16
928,2,5600,0,0,65536,16
929,2,5600,0,0,65536,16
930,2,5600,0,0,65536,16
931,2,5600,0,0,65536,16
932,2,5600,0,0,65536,16
933,2,5600,0,0,65536,16
934,2,5600,0,0,65536,16
935,2,5600,0,0,65536,16
936,2,5600,0,0,65536,16
937,2,5600,0,0,65536,16
938,2,5600,0,0,65536,16
939,2,5600,0,0,65536,16
940,2,5600,0,0,65536,16
941,2,5600,0,0,65536,16
942,2,5600,0,0,65536,16
943,2,5600,0,0,65536,16
944,2,5600,0,0,65536,16
945,2,5600,0,0,65536,16
946,2,5600,0,0,65536,16
947,2,5600,0,0,65536,16
948,2,5600,0,0,65536,16
949,2,5600,0,0,65536,16
950,2,5600,0,0,65536,16
951,2,5600,0,0,65536,16
952,2,5600,0,0,65536,16
953,2,5600,0,0,65536,16
954,2,5600,0,0,65536,16
955,2,5600,0,0,65536,16
956,2,5600,0,0,65536,16
957,2,5600,0,0,65536,16
958,2,5600,0,0,65536,16
959,2,5600,0,0,65536,16
960,2,5600,0,0,65536,16
961,2,5600,0,0,65536,16
962,2,5600,0,0,65536,16
963,2,5600,0,0,65536,16
964,2,5600,0,0,65536,16
965,2,5600,0,0,65536,16
966,2,5600,0,0,65536,16
967,2,5600,0,0,65536,16
968,2,5600,0,0,65536,16
969,2,5600,0,0,65536,16
970,2,5600,0,0,65536,16
971,2,5600,0,0,65536,16
972,2,5600,0,0,65536,16
973,2,5600,0,0,65536,16
974,2,5600,0,0,65536,16
975,2,5600,0,0,65536,16
976,2,5600,0,0,65536,16
977,2,5600,0,0,65536,16
978,2,5600,0,0,65536,16
979,2,5600,0,0,65536,16
980,2,5600,0,0,65536,16
981,2,5600,0,0,65536,16
982,2,5600,0,0,65536,16
983,2,5600,0,0,65536,16
984,2,5600,0,0,65536,16
985,2,5600,0,0,65536,16
986,2,5600,0,0,65536,16
987,2,5600,0,0,65536,16
988,2,5600,0,0,65536,16
989,2,5600,0,0,65536,16
990,2,5600,0,0,65536,16
991,2,5600,0,0,65536,16
992,2,5600,0,0,65536,16
993,2,5600,0,0,65536,16
994,2,5600,0,0,65536,16
995,2,5600,0,0,65536,16
996,2,5600,0,0,65536,16
997,2,5600,0,0,65536,16
998,2,5600,0,0,65536,16
999,2,5600,0,0,65536,16
