sample,component_pages_allocated,directories_allocated,component_values_copied,directory_entries_copied,candidate_bodies_scanned,changed_bodies,body_reconstructions
0,4,2,256,314,100,100,0
1,4,2,256,314,100,100,0
2,4,2,256,314,100,100,0
3,4,2,256,314,100,100,0
4,4,2,256,314,100,100,0
5,4,2,256,314,100,100,0
6,4,2,256,314,100,100,0
7,4,2,256,314,100,100,0
8,4,2,256,314,100,100,0
9,4,2,256,314,100,100,0
10,4,2,256,314,100,100,0
11,4,2,256,314,100,100,0
12,4,2,256,314,100,100,0
13,4,2,256,314,100,100,0
14,4,2,256,314,100,100,0
15,4,2,256,314,100,100,0
16,4,2,256,314,100,100,0
17,4,2,256,314,100,100,0
18,4,2,256,314,100,100,0
19,4,2,256,314,100,100,0
20,4,2,256,314,100,100,0
21,4,2,256,314,100,100,0
22,4,2,256,314,100,100,0
23,4,2,256,314,100,100,0
24,4,2,256,314,100,100,0
25,4,2,256,314,100,100,0
26,4,2,256,314,100,100,0
27,4,2,256,314,100,100,0
28,4,2,256,314,100,100,0
29,4,2,256,314,100,100,0
30,4,2,256,314,100,100,0
31,4,2,256,314,100,100,0
32,4,2,256,314,100,100,0
33,4,2,256,314,100,100,0
34,4,2,256,314,100,100,0
35,4,2,256,314,100,100,0
36,4,2,256,314,100,100,0
37,4,2,256,314,100,100,0
38,4,2,256,314,100,100,0
39,4,2,256,314,100,100,0
40,4,2,256,314,100,100,0
41,4,2,256,314,100,100,0
42,4,2,256,314,100,100,0
43,4,2,256,314,100,100,0
44,4,2,256,314,100,100,0
45,4,2,256,314,100,100,0
46,4,2,256,314,100,100,0
47,4,2,256,314,100,100,0
48,4,2,256,314,100,100,0
49,4,2,256,314,100,100,0
50,4,2,256,314,100,100,0
51,4,2,256,314,100,100,0
52,4,2,256,314,100,100,0
53,4,2,256,314,100,100,0
54,4,2,256,314,100,100,0
55,4,2,256,314,100,100,0
56,4,2,256,314,100,100,0
57,4,2,256,314,100,100,0
58,4,2,256,314,100,100,0
59,4,2,256,314,100,100,0
60,4,2,256,314,100,100,0
61,4,2,256,314,100,100,0
62,4,2,256,314,100,100,0
63,4,2,256,314,100,100,0
64,4,2,256,314,100,100,0
65,4,2,256,314,100,100,0
66,4,2,256,314,100,100,0
67,4,2,256,314,100,100,0
68,4,2,256,314,100,100,0
69,4,2,256,314,100,100,0
70,4,2,256,314,100,100,0
71,4,2,256,314,100,100,0
72,4,2,256,314,100,100,0
73,4,2,256,314,100,100,0
74,4,2,256,314,100,100,0
75,4,2,256,314,100,100,0
76,4,2,256,314,100,100,0
77,4,2,256,314,100,100,0
78,4,2,256,314,100,100,0
79,4,2,256,314,100,100,0
80,4,2,256,314,100,100,0
81,4,2,256,314,100,100,0
82,4,2,256,314,100,100,0
83,4,2,256,314,100,100,0
84,4,2,256,314,100,100,0
85,4,2,256,314,100,100,0
86,4,2,256,314,100,100,0
87,4,2,256,314,100,100,0
88,4,2,256,314,100,100,0
89,4,2,256,314,100,100,0
90,4,2,256,314,100,100,0
91,4,2,256,314,100,100,0
92,4,2,256,314,100,100,0
93,4,2,256,314,100,100,0
94,4,2,256,314,100,100,0
95,4,2,256,314,100,100,0
96,4,2,256,314,100,100,0
97,4,2,256,314,100,100,0
98,4,2,256,314,100,100,0
99,4,2,256,314,100,100,0
100,4,2,256,314,100,100,0
101,4,2,256,314,100,100,0
102,4,2,256,314,100,100,0
103,4,2,256,314,100,100,0
104,4,2,256,314,100,100,0
105,4,2,256,314,100,100,0
106,4,2,256,314,100,100,0
107,4,2,256,314,100,100,0
108,4,2,256,314,100,100,0
109,4,2,256,314,100,100,0
110,4,2,256,314,100,100,0
111,4,2,256,314,100,100,0
112,4,2,256,314,100,100,0
113,4,2,256,314,100,100,0
114,4,2,256,314,100,100,0
115,4,2,256,314,100,100,0
116,4,2,256,314,100,100,0
117,4,2,256,314,100,100,0
118,4,2,256,314,100,100,0
119,4,2,256,314,100,100,0
120,4,2,256,314,100,100,0
121,4,2,256,314,100,100,0
122,4,2,256,314,100,100,0
123,4,2,256,314,100,100,0
124,4,2,256,314,100,100,0
125,4,2,256,314,100,100,0
126,4,2,256,314,100,100,0
127,4,2,256,314,100,100,0
128,4,2,256,314,100,100,0
129,4,2,256,314,100,100,0
130,4,2,256,314,100,100,0
131,4,2,256,314,100,100,0
132,4,2,256,314,100,100,0
133,4,2,256,314,100,100,0
134,4,2,256,314,100,100,0
135,4,2,256,314,100,100,0
136,4,2,256,314,100,100,0
137,4,2,256,314,100,100,0
138,4,2,256,314,100,100,0
139,4,2,256,314,100,100,0
140,4,2,256,314,100,100,0
141,4,2,256,314,100,100,0
142,4,2,256,314,100,100,0
143,4,2,256,314,100,100,0
144,4,2,256,314,100,100,0
145,4,2,256,314,100,100,0
146,4,2,256,314,100,100,0
147,4,2,256,314,100,100,0
148,4,2,256,314,100,100,0
149,4,2,256,314,100,100,0
150,4,2,256,314,100,100,0
151,4,2,256,314,100,100,0
152,4,2,256,314,100,100,0
153,4,2,256,314,100,100,0
154,4,2,256,314,100,100,0
155,4,2,256,314,100,100,0
156,4,2,256,314,100,100,0
157,4,2,256,314,100,100,0
158,4,2,256,314,100,100,0
159,4,2,256,314,100,100,0
160,4,2,256,314,100,100,0
161,4,2,256,314,100,100,0
162,4,2,256,314,100,100,0
163,4,2,256,314,100,100,0
164,4,2,256,314,100,100,0
165,4,2,256,314,100,100,0
166,4,2,256,314,100,100,0
167,4,2,256,314,100,100,0
168,4,2,256,314,100,100,0
169,4,2,256,314,100,100,0
170,4,2,256,314,100,100,0
171,4,2,256,314,100,100,0
172,4,2,256,314,100,100,0
173,4,2,256,314,100,100,0
174,4,2,256,314,100,100,0
175,4,2,256,314,100,100,0
176,4,2,256,314,100,100,0
177,4,2,256,314,100,100,0
178,4,2,256,314,100,100,0
179,4,2,256,314,100,100,0
180,4,2,256,314,100,100,0
181,4,2,256,314,100,100,0
182,4,2,256,314,100,100,0
183,4,2,256,314,100,100,0
184,4,2,256,314,100,100,0
185,4,2,256,314,100,100,0
186,4,2,256,314,100,100,0
187,4,2,256,314,100,100,0
188,4,2,256,314,100,100,0
189,4,2,256,314,100,100,0
190,4,2,256,314,100,100,0
191,4,2,256,314,100,100,0
192,4,2,256,314,100,100,0
193,4,2,256,314,100,100,0
194,4,2,256,314,100,100,0
195,4,2,256,314,100,100,0
196,4,2,256,314,100,100,0
197,4,2,256,314,100,100,0
198,4,2,256,314,100,100,0
199,4,2,256,314,100,100,0
200,4,2,256,314,100,100,0
201,4,2,256,314,100,100,0
202,4,2,256,314,100,100,0
203,4,2,256,314,100,100,0
204,4,2,256,314,100,100,0
205,4,2,256,314,100,100,0
206,4,2,256,314,100,100,0
207,4,2,256,314,100,100,0
208,4,2,256,314,100,100,0
209,4,2,256,314,100,100,0
210,4,2,256,314,100,100,0
211,4,2,256,314,100,100,0
212,4,2,256,314,100,100,0
213,4,2,256,314,100,100,0
214,4,2,256,314,100,100,0
215,4,2,256,314,100,100,0
216,4,2,256,314,100,100,0
217,4,2,256,314,100,100,0
218,4,2,256,314,100,100,0
219,4,2,256,314,100,100,0
220,4,2,256,314,100,100,0
221,4,2,256,314,100,100,0
222,4,2,256,314,100,100,0
223,4,2,256,314,100,100,0
224,4,2,256,314,100,100,0
225,4,2,256,314,100,100,0
226,4,2,256,314,100,100,0
227,4,2,256,314,100,100,0
228,4,2,256,314,100,100,0
229,4,2,256,314,100,100,0
230,4,2,256,314,100,100,0
231,4,2,256,314,100,100,0
232,4,2,256,314,100,100,0
233,4,2,256,314,100,100,0
234,4,2,256,314,100,100,0
235,4,2,256,314,100,100,0
236,4,2,256,314,100,100,0
237,4,2,256,314,100,100,0
238,4,2,256,314,100,100,0
239,4,2,256,314,100,100,0
240,4,2,256,314,100,100,0
241,4,2,256,314,100,100,0
242,4,2,256,314,100,100,0
243,4,2,256,314,100,100,0
244,4,2,256,314,100,100,0
245,4,2,256,314,100,100,0
246,4,2,256,314,100,100,0
247,4,2,256,314,100,100,0
248,4,2,256,314,100,100,0
249,4,2,256,314,100,100,0
250,4,2,256,314,100,100,0
251,4,2,256,314,100,100,0
252,4,2,256,314,100,100,0
253,4,2,256,314,100,100,0
254,4,2,256,314,100,100,0
255,4,2,256,314,100,100,0
256,4,2,256,314,100,100,0
257,4,2,256,314,100,100,0
258,4,2,256,314,100,100,0
259,4,2,256,314,100,100,0
260,4,2,256,314,100,100,0
261,4,2,256,314,100,100,0
262,4,2,256,314,100,100,0
263,4,2,256,314,100,100,0
264,4,2,256,314,100,100,0
265,4,2,256,314,100,100,0
266,4,2,256,314,100,100,0
267,4,2,256,314,100,100,0
268,4,2,256,314,100,100,0
269,4,2,256,314,100,100,0
270,4,2,256,314,100,100,0
271,4,2,256,314,100,100,0
272,4,2,256,314,100,100,0
273,4,2,256,314,100,100,0
274,4,2,256,314,100,100,0
275,4,2,256,314,100,100,0
276,4,2,256,314,100,100,0
277,4,2,256,314,100,100,0
278,4,2,256,314,100,100,0
279,4,2,256,314,100,100,0
280,4,2,256,314,100,100,0
281,4,2,256,314,100,100,0
282,4,2,256,314,100,100,0
283,4,2,256,314,100,100,0
284,4,2,256,314,100,100,0
285,4,2,256,314,100,100,0
286,4,2,256,314,100,100,0
287,4,2,256,314,100,100,0
288,4,2,256,314,100,100,0
289,4,2,256,314,100,100,0
290,4,2,256,314,100,100,0
291,4,2,256,314,100,100,0
292,4,2,256,314,100,100,0
293,4,2,256,314,100,100,0
294,4,2,256,314,100,100,0
295,4,2,256,314,100,100,0
296,4,2,256,314,100,100,0
297,4,2,256,314,100,100,0
298,4,2,256,314,100,100,0
299,4,2,256,314,100,100,0
300,4,2,256,314,100,100,0
301,4,2,256,314,100,100,0
302,4,2,256,314,100,100,0
303,4,2,256,314,100,100,0
304,4,2,256,314,100,100,0
305,4,2,256,314,100,100,0
306,4,2,256,314,100,100,0
307,4,2,256,314,100,100,0
308,4,2,256,314,100,100,0
309,4,2,256,314,100,100,0
310,4,2,256,314,100,100,0
311,4,2,256,314,100,100,0
312,4,2,256,314,100,100,0
313,4,2,256,314,100,100,0
314,4,2,256,314,100,100,0
315,4,2,256,314,100,100,0
316,4,2,256,314,100,100,0
317,4,2,256,314,100,100,0
318,4,2,256,314,100,100,0
319,4,2,256,314,100,100,0
320,4,2,256,314,100,100,0
321,4,2,256,314,100,100,0
322,4,2,256,314,100,100,0
323,4,2,256,314,100,100,0
324,4,2,256,314,100,100,0
325,4,2,256,314,100,100,0
326,4,2,256,314,100,100,0
327,4,2,256,314,100,100,0
328,4,2,256,314,100,100,0
329,4,2,256,314,100,100,0
330,4,2,256,314,100,100,0
331,4,2,256,314,100,100,0
332,4,2,256,314,100,100,0
333,4,2,256,314,100,100,0
334,4,2,256,314,100,100,0
335,4,2,256,314,100,100,0
336,4,2,256,314,100,100,0
337,4,2,256,314,100,100,0
338,4,2,256,314,100,100,0
339,4,2,256,314,100,100,0
340,4,2,256,314,100,100,0
341,4,2,256,314,100,100,0
342,4,2,256,314,100,100,0
343,4,2,256,314,100,100,0
344,4,2,256,314,100,100,0
345,4,2,256,314,100,100,0
346,4,2,256,314,100,100,0
347,4,2,256,314,100,100,0
348,4,2,256,314,100,100,0
349,4,2,256,314,100,100,0
350,4,2,256,314,100,100,0
351,4,2,256,314,100,100,0
352,4,2,256,314,100,100,0
353,4,2,256,314,100,100,0
354,4,2,256,314,100,100,0
355,4,2,256,314,100,100,0
356,4,2,256,314,100,100,0
357,4,2,256,314,100,100,0
358,4,2,256,314,100,100,0
359,4,2,256,314,100,100,0
360,4,2,256,314,100,100,0
361,4,2,256,314,100,100,0
362,4,2,256,314,100,100,0
363,4,2,256,314,100,100,0
364,4,2,256,314,100,100,0
365,4,2,256,314,100,100,0
366,4,2,256,314,100,100,0
367,4,2,256,314,100,100,0
368,4,2,256,314,100,100,0
369,4,2,256,314,100,100,0
370,4,2,256,314,100,100,0
371,4,2,256,314,100,100,0
372,4,2,256,314,100,100,0
373,4,2,256,314,100,100,0
374,4,2,256,314,100,100,0
375,4,2,256,314,100,100,0
376,4,2,256,314,100,100,0
377,4,2,256,314,100,100,0
378,4,2,256,314,100,100,0
379,4,2,256,314,100,100,0
380,4,2,256,314,100,100,0
381,4,2,256,314,100,100,0
382,4,2,256,314,100,100,0
383,4,2,256,314,100,100,0
384,4,2,256,314,100,100,0
385,4,2,256,314,100,100,0
386,4,2,256,314,100,100,0
387,4,2,256,314,100,100,0
388,4,2,256,314,100,100,0
389,4,2,256,314,100,100,0
390,4,2,256,314,100,100,0
391,4,2,256,314,100,100,0
392,4,2,256,314,100,100,0
393,4,2,256,314,100,100,0
394,4,2,256,314,100,100,0
395,4,2,256,314,100,100,0
396,4,2,256,314,100,100,0
397,4,2,256,314,100,100,0
398,4,2,256,314,100,100,0
399,4,2,256,314,100,100,0
400,4,2,256,314,100,100,0
401,4,2,256,314,100,100,0
402,4,2,256,314,100,100,0
403,4,2,256,314,100,100,0
404,4,2,256,314,100,100,0
405,4,2,256,314,100,100,0
406,4,2,256,314,100,100,0
407,4,2,256,314,100,100,0
408,4,2,256,314,100,100,0
409,4,2,256,314,100,100,0
410,4,2,256,314,100,100,0
411,4,2,256,314,100,100,0
412,4,2,256,314,100,100,0
413,4,2,256,314,100,100,0
414,4,2,256,314,100,100,0
415,4,2,256,314,100,100,0
416,4,2,256,314,100,100,0
417,4,2,256,314,100,100,0
418,4,2,256,314,100,100,0
419,4,2,256,314,100,100,0
420,4,2,256,314,100,100,0
421,4,2,256,314,100,100,0
422,4,2,256,314,100,100,0
423,4,2,256,314,100,100,0
424,4,2,256,314,100,100,0
425,4,2,256,314,100,100,0
426,4,2,256,314,100,100,0
427,4,2,256,314,100,100,0
428,4,2,256,314,100,100,0
429,4,2,256,314,100,100,0
430,4,2,256,314,100,100,0
431,4,2,256,314,100,100,0
432,4,2,256,314,100,100,0
433,4,2,256,314,100,100,0
434,4,2,256,314,100,100,0
435,4,2,256,314,100,100,0
436,4,2,256,314,100,100,0
437,4,2,256,314,100,100,0
438,4,2,256,314,100,100,0
439,4,2,256,314,100,100,0
440,4,2,256,314,100,100,0
441,4,2,256,314,100,100,0
442,4,2,256,314,100,100,0
443,4,2,256,314,100,100,0
444,4,2,256,314,100,100,0
445,4,2,256,314,100,100,0
446,4,2,256,314,100,100,0
447,4,2,256,314,100,100,0
448,4,2,256,314,100,100,0
449,4,2,256,314,100,100,0
450,4,2,256,314,100,100,0
451,4,2,256,314,100,100,0
452,4,2,256,314,100,100,0
453,4,2,256,314,100,100,0
454,4,2,256,314,100,100,0
455,4,2,256,314,100,100,0
456,4,2,256,314,100,100,0
457,4,2,256,314,100,100,0
458,4,2,256,314,100,100,0
459,4,2,256,314,100,100,0
460,4,2,256,314,100,100,0
461,4,2,256,314,100,100,0
462,4,2,256,314,100,100,0
463,4,2,256,314,100,100,0
464,4,2,256,314,100,100,0
465,4,2,256,314,100,100,0
466,4,2,256,314,100,100,0
467,4,2,256,314,100,100,0
468,4,2,256,314,100,100,0
469,4,2,256,314,100,100,0
470,4,2,256,314,100,100,0
471,4,2,256,314,100,100,0
472,4,2,256,314,100,100,0
473,4,2,256,314,100,100,0
474,4,2,256,314,100,100,0
475,4,2,256,314,100,100,0
476,4,2,256,314,100,100,0
477,4,2,256,314,100,100,0
478,4,2,256,314,100,100,0
479,4,2,256,314,100,100,0
480,4,2,256,314,100,100,0
481,4,2,256,314,100,100,0
482,4,2,256,314,100,100,0
483,4,2,256,314,100,100,0
484,4,2,256,314,100,100,0
485,4,2,256,314,100,100,0
486,4,2,256,314,100,100,0
487,4,2,256,314,100,100,0
488,4,2,256,314,100,100,0
489,4,2,256,314,100,100,0
490,4,2,256,314,100,100,0
491,4,2,256,314,100,100,0
492,4,2,256,314,100,100,0
493,4,2,256,314,100,100,0
494,4,2,256,314,100,100,0
495,4,2,256,314,100,100,0
496,4,2,256,314,100,100,0
497,4,2,256,314,100,100,0
498,4,2,256,314,100,100,0
499,4,2,256,314,100,100,0
500,4,2,256,314,100,100,0
501,4,2,256,314,100,100,0
502,4,2,256,314,100,100,0
503,4,2,256,314,100,100,0
504,4,2,256,314,100,100,0
505,4,2,256,314,100,100,0
506,4,2,256,314,100,100,0
507,4,2,256,314,100,100,0
508,4,2,256,314,100,100,0
509,4,2,256,314,100,100,0
510,4,2,256,314,100,100,0
511,4,2,256,314,100,100,0
512,4,2,256,314,100,100,0
513,4,2,256,314,100,100,0
514,4,2,256,314,100,100,0
515,4,2,256,314,100,100,0
516,4,2,256,314,100,100,0
517,4,2,256,314,100,100,0
518,4,2,256,314,100,100,0
519,4,2,256,314,100,100,0
520,4,2,256,314,100,100,0
521,4,2,256,314,100,100,0
522,4,2,256,314,100,100,0
523,4,2,256,314,100,100,0
524,4,2,256,314,100,100,0
525,4,2,256,314,100,100,0
526,4,2,256,314,100,100,0
527,4,2,256,314,100,100,0
528,4,2,256,314,100,100,0
529,4,2,256,314,100,100,0
530,4,2,256,314,100,100,0
531,4,2,256,314,100,100,0
532,4,2,256,314,100,100,0
533,4,2,256,314,100,100,0
534,4,2,256,314,100,100,0
535,4,2,256,314,100,100,0
536,4,2,256,314,100,100,0
537,4,2,256,314,100,100,0
538,4,2,256,314,100,100,0
539,4,2,256,314,100,100,0
540,4,2,256,314,100,100,0
541,4,2,256,314,100,100,0
542,4,2,256,314,100,100,0
543,4,2,256,314,100,100,0
544,4,2,256,314,100,100,0
545,4,2,256,314,100,100,0
546,4,2,256,314,100,100,0
547,4,2,256,314,100,100,0
548,4,2,256,314,100,100,0
549,4,2,256,314,100,100,0
550,4,2,256,314,100,100,0
551,4,2,256,314,100,100,0
552,4,2,256,314,100,100,0
553,4,2,256,314,100,100,0
554,4,2,256,314,100,100,0
555,4,2,256,314,100,100,0
556,4,2,256,314,100,100,0
557,4,2,256,314,100,100,0
558,4,2,256,314,100,100,0
559,4,2,256,314,100,100,0
560,4,2,256,314,100,100,0
561,4,2,256,314,100,100,0
562,4,2,256,314,100,100,0
563,4,2,256,314,100,100,0
564,4,2,256,314,100,100,0
565,4,2,256,314,100,100,0
566,4,2,256,314,100,100,0
567,4,2,256,314,100,100,0
568,4,2,256,314,100,100,0
569,4,2,256,314,100,100,0
570,4,2,256,314,100,100,0
571,4,2,256,314,100,100,0
572,4,2,256,314,100,100,0
573,4,2,256,314,100,100,0
574,4,2,256,314,100,100,0
575,4,2,256,314,100,100,0
576,4,2,256,314,100,100,0
577,4,2,256,314,100,100,0
578,4,2,256,314,100,100,0
579,4,2,256,314,100,100,0
580,4,2,256,314,100,100,0
581,4,2,256,314,100,100,0
582,4,2,256,314,100,100,0
583,4,2,256,314,100,100,0
584,4,2,256,314,100,100,0
585,4,2,256,314,100,100,0
586,4,2,256,314,100,100,0
587,4,2,256,314,100,100,0
588,4,2,256,314,100,100,0
589,4,2,256,314,100,100,0
590,4,2,256,314,100,100,0
591,4,2,256,314,100,100,0
592,4,2,256,314,100,100,0
593,4,2,256,314,100,100,0
594,4,2,256,314,100,100,0
595,4,2,256,314,100,100,0
596,4,2,256,314,100,100,0
597,4,2,256,314,100,100,0
598,4,2,256,314,100,100,0
599,4,2,256,314,100,100,0
600,4,2,256,314,100,100,0
601,4,2,256,314,100,100,0
602,4,2,256,314,100,100,0
603,4,2,256,314,100,100,0
604,4,2,256,314,100,100,0
605,4,2,256,314,100,100,0
606,4,2,256,314,100,100,0
607,4,2,256,314,100,100,0
608,4,2,256,314,100,100,0
609,4,2,256,314,100,100,0
610,4,2,256,314,100,100,0
611,4,2,256,314,100,100,0
612,4,2,256,314,100,100,0
613,4,2,256,314,100,100,0
614,4,2,256,314,100,100,0
615,4,2,256,314,100,100,0
616,4,2,256,314,100,100,0
617,4,2,256,314,100,100,0
618,4,2,256,314,100,100,0
619,4,2,256,314,100,100,0
620,4,2,256,314,100,100,0
621,4,2,256,314,100,100,0
622,4,2,256,314,100,100,0
623,4,2,256,314,100,100,0
624,4,2,256,314,100,100,0
625,4,2,256,314,100,100,0
626,4,2,256,314,100,100,0
627,4,2,256,314,100,100,0
628,4,2,256,314,100,100,0
629,4,2,256,314,100,100,0
630,4,2,256,314,100,100,0
631,4,2,256,314,100,100,0
632,4,2,256,314,100,100,0
633,4,2,256,314,100,100,0
634,4,2,256,314,100,100,0
635,4,2,256,314,100,100,0
636,4,2,256,314,100,100,0
637,4,2,256,314,100,100,0
638,4,2,256,314,100,100,0
639,4,2,256,314,100,100,0
640,4,2,256,314,100,100,0
641,4,2,256,314,100,100,0
642,4,2,256,314,100,100,0
643,4,2,256,314,100,100,0
644,4,2,256,314,100,100,0
645,4,2,256,314,100,100,0
646,4,2,256,314,100,100,0
647,4,2,256,314,100,100,0
648,4,2,256,314,100,100,0
649,4,2,256,314,100,100,0
650,4,2,256,314,100,100,0
651,4,2,256,314,100,100,0
652,4,2,256,314,100,100,0
653,4,2,256,314,100,100,0
654,4,2,256,314,100,100,0
655,4,2,256,314,100,100,0
656,4,2,256,314,100,100,0
657,4,2,256,314,100,100,0
658,4,2,256,314,100,100,0
659,4,2,256,314,100,100,0
660,4,2,256,314,100,100,0
661,4,2,256,314,100,100,0
662,4,2,256,314,100,100,0
663,4,2,256,314,100,100,0
664,4,2,256,314,100,100,0
665,4,2,256,314,100,100,0
666,4,2,256,314,100,100,0
667,4,2,256,314,100,100,0
668,4,2,256,314,100,100,0
669,4,2,256,314,100,100,0
670,4,2,256,314,100,100,0
671,4,2,256,314,100,100,0
672,4,2,256,314,100,100,0
673,4,2,256,314,100,100,0
674,4,2,256,314,100,100,0
675,4,2,256,314,100,100,0
676,4,2,256,314,100,100,0
677,4,2,256,314,100,100,0
678,4,2,256,314,100,100,0
679,4,2,256,314,100,100,0
680,4,2,256,314,100,100,0
681,4,2,256,314,100,100,0
682,4,2,256,314,100,100,0
683,4,2,256,314,100,100,0
684,4,2,256,314,100,100,0
685,4,2,256,314,100,100,0
686,4,2,256,314,100,100,0
687,4,2,256,314,100,100,0
688,4,2,256,314,100,100,0
689,4,2,256,314,100,100,0
690,4,2,256,314,100,100,0
691,4,2,256,314,100,100,0
692,4,2,256,314,100,100,0
693,4,2,256,314,100,100,0
694,4,2,256,314,100,100,0
695,4,2,256,314,100,100,0
696,4,2,256,314,100,100,0
697,4,2,256,314,100,100,0
698,4,2,256,314,100,100,0
699,4,2,256,314,100,100,0
700,4,2,256,314,100,100,0
701,4,2,256,314,100,100,0
702,4,2,256,314,100,100,0
703,4,2,256,314,100,100,0
704,4,2,256,314,100,100,0
705,4,2,256,314,100,100,0
706,4,2,256,314,100,100,0
707,4,2,256,314,100,100,0
708,4,2,256,314,100,100,0
709,4,2,256,314,100,100,0
710,4,2,256,314,100,100,0
711,4,2,256,314,100,100,0
712,4,2,256,314,100,100,0
713,4,2,256,314,100,100,0
714,4,2,256,314,100,100,0
715,4,2,256,314,100,100,0
716,4,2,256,314,100,100,0
717,4,2,256,314,100,100,0
718,4,2,256,314,100,100,0
719,4,2,256,314,100,100,0
720,4,2,256,314,100,100,0
721,4,2,256,314,100,100,0
722,4,2,256,314,100,100,0
723,4,2,256,314,100,100,0
724,4,2,256,314,100,100,0
725,4,2,256,314,100,100,0
726,4,2,256,314,100,100,0
727,4,2,256,314,100,100,0
728,4,2,256,314,100,100,0
729,4,2,256,314,100,100,0
730,4,2,256,314,100,100,0
731,4,2,256,314,100,100,0
732,4,2,256,314,100,100,0
733,4,2,256,314,100,100,0
734,4,2,256,314,100,100,0
735,4,2,256,314,100,100,0
736,4,2,256,314,100,100,0
737,4,2,256,314,100,100,0
738,4,2,256,314,100,100,0
739,4,2,256,314,100,100,0
740,4,2,256,314,100,100,0
741,4,2,256,314,100,100,0
742,4,2,256,314,100,100,0
743,4,2,256,314,100,100,0
744,4,2,256,314,100,100,0
745,4,2,256,314,100,100,0
746,4,2,256,314,100,100,0
747,4,2,256,314,100,100,0
748,4,2,256,314,100,100,0
749,4,2,256,314,100,100,0
750,4,2,256,314,100,100,0
751,4,2,256,314,100,100,0
752,4,2,256,314,100,100,0
753,4,2,256,314,100,100,0
754,4,2,256,314,100,100,0
755,4,2,256,314,100,100,0
756,4,2,256,314,100,100,0
757,4,2,256,314,100,100,0
758,4,2,256,314,100,100,0
759,4,2,256,314,100,100,0
760,4,2,256,314,100,100,0
761,4,2,256,314,100,100,0
762,4,2,256,314,100,100,0
763,4,2,256,314,100,100,0
764,4,2,256,314,100,100,0
765,4,2,256,314,100,100,0
766,4,2,256,314,100,100,0
767,4,2,256,314,100,100,0
768,4,2,256,314,100,100,0
769,4,2,256,314,100,100,0
770,4,2,256,314,100,100,0
771,4,2,256,314,100,100,0
772,4,2,256,314,100,100,0
773,4,2,256,314,100,100,0
774,4,2,256,314,100,100,0
775,4,2,256,314,100,100,0
776,4,2,256,314,100,100,0
777,4,2,256,314,100,100,0
778,4,2,256,314,100,100,0
779,4,2,256,314,100,100,0
780,4,2,256,314,100,100,0
781,4,2,256,314,100,100,0
782,4,2,256,314,100,100,0
783,4,2,256,314,100,100,0
784,4,2,256,314,100,100,0
785,4,2,256,314,100,100,0
786,4,2,256,314,100,100,0
787,4,2,256,314,100,100,0
788,4,2,256,314,100,100,0
789,4,2,256,314,100,100,0
790,4,2,256,314,100,100,0
791,4,2,256,314,100,100,0
792,4,2,256,314,100,100,0
793,4,2,256,314,100,100,0
794,4,2,256,314,100,100,0
795,4,2,256,314,100,100,0
796,4,2,256,314,100,100,0
797,4,2,256,314,100,100,0
798,4,2,256,314,100,100,0
799,4,2,256,314,100,100,0
800,4,2,256,314,100,100,0
801,4,2,256,314,100,100,0
802,4,2,256,314,100,100,0
803,4,2,256,314,100,100,0
804,4,2,256,314,100,100,0
805,4,2,256,314,100,100,0
806,4,2,256,314,100,100,0
807,4,2,256,314,100,100,0
808,4,2,256,314,100,100,0
809,4,2,256,314,100,100,0
810,4,2,256,314,100,100,0
811,4,2,256,314,100,100,0
812,4,2,256,314,100,100,0
813,4,2,256,314,100,100,0
814,4,2,256,314,100,100,0
815,4,2,256,314,100,100,0
816,4,2,256,314,100,100,0
817,4,2,256,314,100,100,0
818,4,2,256,314,100,100,0
819,4,2,256,314,100,100,0
820,4,2,256,314,100,100,0
821,4,2,256,314,100,100,0
822,4,2,256,314,100,100,0
823,4,2,256,314,100,100,0
824,4,2,256,314,100,100,0
825,4,2,256,314,100,100,0
826,4,2,256,314,100,100,0
827,4,2,256,314,100,100,0
828,4,2,256,314,100,100,0
829,4,2,256,314,100,100,0
830,4,2,256,314,100,100,0
831,4,2,256,314,100,100,0
832,4,2,256,314,100,100,0
833,4,2,256,314,100,100,0
834,4,2,256,314,100,100,0
835,4,2,256,314,100,100,0
836,4,2,256,314,100,100,0
837,4,2,256,314,100,100,0
838,4,2,256,314,100,100,0
839,4,2,256,314,100,100,0
840,4,2,256,314,100,100,0
841,4,2,256,314,100,100,0
842,4,2,256,314,100,100,0
843,4,2,256,314,100,100,0
844,4,2,256,314,100,100,0
845,4,2,256,314,100,100,0
846,4,2,256,314,100,100,0
847,4,2,256,314,100,100,0
848,4,2,256,314,100,100,0
849,4,2,256,314,100,100,0
850,4,2,256,314,100,100,0
851,4,2,256,314,100,100,0
852,4,2,256,314,100,100,0
853,4,2,256,314,100,100,0
854,4,2,256,314,100,100,0
855,4,2,256,314,100,100,0
856,4,2,256,314,100,100,0
857,4,2,256,314,100,100,0
858,4,2,256,314,100,100,0
859,4,2,256,314,100,100,0
860,4,2,256,314,100,100,0
861,4,2,256,314,100,100,0
862,4,2,256,314,100,100,0
863,4,2,256,314,100,100,0
864,4,2,256,314,100,100,0
865,4,2,256,314,100,100,0
866,4,2,256,314,100,100,0
867,4,2,256,314,100,100,0
868,4,2,256,314,100,100,0
869,4,2,256,314,100,100,0
870,4,2,256,314,100,100,0
871,4,2,256,314,100,100,0
872,4,2,256,314,100,100,0
873,4,2,256,314,100,100,0
874,4,2,256,314,100,100,0
875,4,2,256,314,100,100,0
876,4,2,256,314,100,100,0
877,4,2,256,314,100,100,0
878,4,2,256,314,100,100,0
879,4,2,256,314,100,100,0
880,4,2,256,314,100,100,0
881,4,2,256,314,100,100,0
882,4,2,256,314,100,100,0
883,4,2,256,314,100,100,0
884,4,2,256,314,100,100,0
885,4,2,256,314,100,100,0
886,4,2,256,314,100,100,0
887,4,2,256,314,100,100,0
888,4,2,256,314,100,100,0
889,4,2,256,314,100,100,0
890,4,2,256,314,100,100,0
891,4,2,256,314,100,100,0
892,4,2,256,314,100,100,0
893,4,2,256,314,100,100,0
894,4,2,256,314,100,100,0
895,4,2,256,314,100,100,0
896,4,2,256,314,100,100,0
897,4,2,256,314,100,100,0
898,4,2,256,314,100,100,0
899,4,2,256,314,100,100,0
900,4,2,256,314,100,100,0
901,4,2,256,314,100,100,0
902,4,2,256,314,100,100,0
903,4,2,256,314,100,100,0
904,4,2,256,314,100,100,0
905,4,2,256,314,100,100,0
906,4,2,256,314,100,100,0
907,4,2,256,314,100,100,0
908,4,2,256,314,100,100,0
909,4,2,256,314,100,100,0
910,4,2,256,314,100,100,0
911,4,2,256,314,100,100,0
912,4,2,256,314,100,100,0
913,4,2,256,314,100,100,0
914,4,2,256,314,100,100,0
915,4,2,256,314,100,100,0
916,4,2,256,314,100,100,0
917,4,2,256,314,100,100,0
918,4,2,256,314,100,100,0
919,4,2,256,314,100,100,0
920,4,2,256,314,100,100,0
921,4,2,256,314,100,100,0
922,4,2,256,314,100,100,0
923,4,2,256,314,100,100,0
924,4,2,256,314,100,100,0
925,4,2,256,314,100,100,0
926,4,2,256,314,100,100,0
927,4,2,256,314,100,100,0
928,4,2,256,314,100,100,0
929,4,2,256,314,100,100,0
930,4,2,256,314,100,100,0
931,4,2,256,314,100,100,0
932,4,2,256,314,100,100,0
933,4,2,256,314,100,100,0
934,4,2,256,314,100,100,0
935,4,2,256,314,100,100,0
936,4,2,256,314,100,100,0
937,4,2,256,314,100,100,0
938,4,2,256,314,100,100,0
939,4,2,256,314,100,100,0
940,4,2,256,314,100,100,0
941,4,2,256,314,100,100,0
942,4,2,256,314,100,100,0
943,4,2,256,314,100,100,0
944,4,2,256,314,100,100,0
945,4,2,256,314,100,100,0
946,4,2,256,314,100,100,0
947,4,2,256,314,100,100,0
948,4,2,256,314,100,100,0
949,4,2,256,314,100,100,0
950,4,2,256,314,100,100,0
951,4,2,256,314,100,100,0
952,4,2,256,314,100,100,0
953,4,2,256,314,100,100,0
954,4,2,256,314,100,100,0
955,4,2,256,314,100,100,0
956,4,2,256,314,100,100,0
957,4,2,256,314,100,100,0
958,4,2,256,314,100,100,0
959,4,2,256,314,100,100,0
960,4,2,256,314,100,100,0
961,4,2,256,314,100,100,0
962,4,2,256,314,100,100,0
963,4,2,256,314,100,100,0
964,4,2,256,314,100,100,0
965,4,2,256,314,100,100,0
966,4,2,256,314,100,100,0
967,4,2,256,314,100,100,0
968,4,2,256,314,100,100,0
969,4,2,256,314,100,100,0
970,4,2,256,314,100,100,0
971,4,2,256,314,100,100,0
972,4,2,256,314,100,100,0
973,4,2,256,314,100,100,0
974,4,2,256,314,100,100,0
975,4,2,256,314,100,100,0
976,4,2,256,314,100,100,0
977,4,2,256,314,100,100,0
978,4,2,256,314,100,100,0
979,4,2,256,314,100,100,0
980,4,2,256,314,100,100,0
981,4,2,256,314,100,100,0
982,4,2,256,314,100,100,0
983,4,2,256,314,100,100,0
984,4,2,256,314,100,100,0
985,4,2,256,314,100,100,0
986,4,2,256,314,100,100,0
987,4,2,256,314,100,100,0
988,4,2,256,314,100,100,0
989,4,2,256,314,100,100,0
990,4,2,256,314,100,100,0
991,4,2,256,314,100,100,0
992,4,2,256,314,100,100,0
993,4,2,256,314,100,100,0
994,4,2,256,314,100,100,0
995,4,2,256,314,100,100,0
996,4,2,256,314,100,100,0
997,4,2,256,314,100,100,0
998,4,2,256,314,100,100,0
999,4,2,256,314,100,100,0
