sample,probe_calibrated,cpp_heap_allocations,cpp_heap_bytes
0,1,21,28246
1,1,21,28246
2,1,21,28246
3,1,21,28246
4,1,21,28246
5,1,21,28246
6,1,21,28246
7,1,21,28246
8,1,21,28246
9,1,21,28246
10,1,21,28246
11,1,21,28246
12,1,21,28246
13,1,21,28246
14,1,21,28246
15,1,21,28246
16,1,21,28246
17,1,21,28246
18,1,21,28246
19,1,21,28246
20,1,21,28246
21,1,21,28246
22,1,21,28246
23,1,21,28246
24,1,21,28246
25,1,21,28246
26,1,21,28246
27,1,21,28246
28,1,21,28246
29,1,21,28246
30,1,21,28246
31,1,21,28246
32,1,21,28246
33,1,21,28246
34,1,21,28246
35,1,21,28246
36,1,21,28246
37,1,21,28246
38,1,21,28246
39,1,21,28246
40,1,21,28246
41,1,21,28246
42,1,21,28246
43,1,21,28246
44,1,21,28246
45,1,21,28246
46,1,21,28246
47,1,21,28246
48,1,21,28246
49,1,21,28246
50,1,21,28246
51,1,21,28246
52,1,21,28246
53,1,21,28246
54,1,21,28246
55,1,21,28246
56,1,21,28246
57,1,21,28246
58,1,21,28246
59,1,21,28246
60,1,21,28246
61,1,21,28246
62,1,21,28246
63,1,21,28246
64,1,21,28246
65,1,21,28246
66,1,21,28246
67,1,21,28246
68,1,21,28246
69,1,21,28246
70,1,21,28246
71,1,21,28246
72,1,21,28246
73,1,21,28246
74,1,21,28246
75,1,21,28246
76,1,21,28246
77,1,21,28246
78,1,21,28246
79,1,21,28246
80,1,21,28246
81,1,21,28246
82,1,21,28246
83,1,21,28246
84,1,21,28246
85,1,21,28246
86,1,21,28246
87,1,21,28246
88,1,21,28246
89,1,21,28246
90,1,21,28246
91,1,21,28246
92,1,21,28246
93,1,21,28246
94,1,21,28246
95,1,21,28246
96,1,21,28246
97,1,21,28246
98,1,21,28246
99,1,21,28246
100,1,21,28246
101,1,21,28246
102,1,21,28246
103,1,21,28246
104,1,21,28246
105,1,21,28246
106,1,21,28246
107,1,21,28246
108,1,21,28246
109,1,21,28246
110,1,21,28246
111,1,21,28246
112,1,21,28246
113,1,21,28246
114,1,21,28246
115,1,21,28246
116,1,21,28246
117,1,21,28246
118,1,21,28246
119,1,21,28246
120,1,21,28246
121,1,21,28246
122,1,21,28246
123,1,21,28246
124,1,21,28246
125,1,21,28246
126,1,21,28246
127,1,21,28246
128,1,21,28246
129,1,21,28246
130,1,21,28246
131,1,21,28246
132,1,21,28246
133,1,21,28246
134,1,21,28246
135,1,21,28246
136,1,21,28246
137,1,21,28246
138,1,21,28246
139,1,21,28246
140,1,21,28246
141,1,21,28246
142,1,21,28246
143,1,21,28246
144,1,21,28246
145,1,21,28246
146,1,21,28246
147,1,21,28246
148,1,21,28246
149,1,21,28246
150,1,21,28246
151,1,21,28246
152,1,21,28246
153,1,21,28246
154,1,21,28246
155,1,21,28246
156,1,21,28246
157,1,21,28246
158,1,21,28246
159,1,21,28246
160,1,21,28246
161,1,21,28246
162,1,21,28246
163,1,21,28246
164,1,21,28246
165,1,21,28246
166,1,21,28246
167,1,21,28246
168,1,21,28246
169,1,21,28246
170,1,21,28246
171,1,21,28246
172,1,21,28246
173,1,21,28246
174,1,21,28246
175,1,21,28246
176,1,21,28246
177,1,21,28246
178,1,21,28246
179,1,21,28246
180,1,21,28246
181,1,21,28246
182,1,21,28246
183,1,21,28246
184,1,21,28246
185,1,21,28246
186,1,21,28246
187,1,21,28246
188,1,21,28246
189,1,21,28246
190,1,21,28246
191,1,21,28246
192,1,21,28246
193,1,21,28246
194,1,21,28246
195,1,21,28246
196,1,21,28246
197,1,21,28246
198,1,21,28246
199,1,21,28246
200,1,21,28246
201,1,21,28246
202,1,21,28246
203,1,21,28246
204,1,21,28246
205,1,21,28246
206,1,21,28246
207,1,21,28246
208,1,21,28246
209,1,21,28246
210,1,21,28246
211,1,21,28246
212,1,21,28246
213,1,21,28246
214,1,21,28246
215,1,21,28246
216,1,21,28246
217,1,21,28246
218,1,21,28246
219,1,21,28246
220,1,21,28246
221,1,21,28246
222,1,21,28246
223,1,21,28246
224,1,21,28246
225,1,21,28246
226,1,21,28246
227,1,21,28246
228,1,21,28246
229,1,21,28246
230,1,21,28246
231,1,21,28246
232,1,21,28246
233,1,21,28246
234,1,21,28246
235,1,21,28246
236,1,21,28246
237,1,21,28246
238,1,21,28246
239,1,21,28246
240,1,21,28246
241,1,21,28246
242,1,21,28246
243,1,21,28246
244,1,21,28246
245,1,21,28246
246,1,21,28246
247,1,21,28246
248,1,21,28246
249,1,21,28246
250,1,21,28246
251,1,21,28246
252,1,21,28246
253,1,21,28246
254,1,21,28246
255,1,21,28246
256,1,21,28246
257,1,21,28246
258,1,21,28246
259,1,21,28246
260,1,21,28246
261,1,21,28246
262,1,21,28246
263,1,21,28246
264,1,21,28246
265,1,21,28246
266,1,21,28246
267,1,21,28246
268,1,21,28246
269,1,21,28246
270,1,21,28246
271,1,21,28246
272,1,21,28246
273,1,21,28246
274,1,21,28246
275,1,21,28246
276,1,21,28246
277,1,21,28246
278,1,21,28246
279,1,21,28246
280,1,21,28246
281,1,21,28246
282,1,21,28246
283,1,21,28246
284,1,21,28246
285,1,21,28246
286,1,21,28246
287,1,21,28246
288,1,21,28246
289,1,21,28246
290,1,21,28246
291,1,21,28246
292,1,21,28246
293,1,21,28246
294,1,21,28246
295,1,21,28246
296,1,21,28246
297,1,21,28246
298,1,21,28246
299,1,21,28246
300,1,21,28246
301,1,21,28246
302,1,21,28246
303,1,21,28246
304,1,21,28246
305,1,21,28246
306,1,21,28246
307,1,21,28246
308,1,21,28246
309,1,21,28246
310,1,21,28246
311,1,21,28246
312,1,21,28246
313,1,21,28246
314,1,21,28246
315,1,21,28246
316,1,21,28246
317,1,21,28246
318,1,21,28246
319,1,21,28246
320,1,21,28246
321,1,21,28246
322,1,21,28246
323,1,21,28246
324,1,21,28246
325,1,21,28246
326,1,21,28246
327,1,21,28246
328,1,21,28246
329,1,21,28246
330,1,21,28246
331,1,21,28246
332,1,21,28246
333,1,21,28246
334,1,21,28246
335,1,21,28246
336,1,21,28246
337,1,21,28246
338,1,21,28246
339,1,21,28246
340,1,21,28246
341,1,21,28246
342,1,21,28246
343,1,21,28246
344,1,21,28246
345,1,21,28246
346,1,21,28246
347,1,21,28246
348,1,21,28246
349,1,21,28246
350,1,21,28246
351,1,21,28246
352,1,21,28246
353,1,21,28246
354,1,21,28246
355,1,21,28246
356,1,21,28246
357,1,21,28246
358,1,21,28246
359,1,21,28246
360,1,21,28246
361,1,21,28246
362,1,21,28246
363,1,21,28246
364,1,21,28246
365,1,21,28246
366,1,21,28246
367,1,21,28246
368,1,21,28246
369,1,21,28246
370,1,21,28246
371,1,21,28246
372,1,21,28246
373,1,21,28246
374,1,21,28246
375,1,21,28246
376,1,21,28246
377,1,21,28246
378,1,21,28246
379,1,21,28246
380,1,21,28246
381,1,21,28246
382,1,21,28246
383,1,21,28246
384,1,21,28246
385,1,21,28246
386,1,21,28246
387,1,21,28246
388,1,21,28246
389,1,21,28246
390,1,21,28246
391,1,21,28246
392,1,21,28246
393,1,21,28246
394,1,21,28246
395,1,21,28246
396,1,21,28246
397,1,21,28246
398,1,21,28246
399,1,21,28246
400,1,21,28246
401,1,21,28246
402,1,21,28246
403,1,21,28246
404,1,21,28246
405,1,21,28246
406,1,21,28246
407,1,21,28246
408,1,21,28246
409,1,21,28246
410,1,21,28246
411,1,21,28246
412,1,21,28246
413,1,21,28246
414,1,21,28246
415,1,21,28246
416,1,21,28246
417,1,21,28246
418,1,21,28246
419,1,21,28246
420,1,21,28246
421,1,21,28246
422,1,21,28246
423,1,21,28246
424,1,21,28246
425,1,21,28246
426,1,21,28246
427,1,21,28246
428,1,21,28246
429,1,21,28246
430,1,21,28246
431,1,21,28246
432,1,21,28246
433,1,21,28246
434,1,21,28246
435,1,21,28246
436,1,21,28246
437,1,21,28246
438,1,21,28246
439,1,21,28246
440,1,21,28246
441,1,21,28246
442,1,21,28246
443,1,21,28246
444,1,21,28246
445,1,21,28246
446,1,21,28246
447,1,21,28246
448,1,21,28246
449,1,21,28246
450,1,21,28246
451,1,21,28246
452,1,21,28246
453,1,21,28246
454,1,21,28246
455,1,21,28246
456,1,21,28246
457,1,21,28246
458,1,21,28246
459,1,21,28246
460,1,21,28246
461,1,21,28246
462,1,21,28246
463,1,21,28246
464,1,21,28246
465,1,21,28246
466,1,21,28246
467,1,21,28246
468,1,21,28246
469,1,21,28246
470,1,21,28246
471,1,21,28246
472,1,21,28246
473,1,21,28246
474,1,21,28246
475,1,21,28246
476,1,21,28246
477,1,21,28246
478,1,21,28246
479,1,21,28246
480,1,21,28246
481,1,21,28246
482,1,21,28246
483,1,21,28246
484,1,21,28246
485,1,21,28246
486,1,21,28246
487,1,21,28246
488,1,21,28246
489,1,21,28246
490,1,21,28246
491,1,21,28246
492,1,21,28246
493,1,21,28246
494,1,21,28246
495,1,21,28246
496,1,21,28246
497,1,21,28246
498,1,21,28246
499,1,21,28246
500,1,21,28246
501,1,21,28246
502,1,21,28246
503,1,21,28246
504,1,21,28246
505,1,21,28246
506,1,21,28246
507,1,21,28246
508,1,21,28246
509,1,21,28246
510,1,21,28246
511,1,21,28246
512,1,21,28246
513,1,21,28246
514,1,21,28246
515,1,21,28246
516,1,21,28246
517,1,21,28246
518,1,21,28246
519,1,21,28246
520,1,21,28246
521,1,21,28246
522,1,21,28246
523,1,21,28246
524,1,21,28246
525,1,21,28246
526,1,21,28246
527,1,21,28246
528,1,21,28246
529,1,21,28246
530,1,21,28246
531,1,21,28246
532,1,21,28246
533,1,21,28246
534,1,21,28246
535,1,21,28246
536,1,21,28246
537,1,21,28246
538,1,21,28246
539,1,21,28246
540,1,21,28246
541,1,21,28246
542,1,21,28246
543,1,21,28246
544,1,21,28246
545,1,21,28246
546,1,21,28246
547,1,21,28246
548,1,21,28246
549,1,21,28246
550,1,21,28246
551,1,21,28246
552,1,21,28246
553,1,21,28246
554,1,21,28246
555,1,21,28246
556,1,21,28246
557,1,21,28246
558,1,21,28246
559,1,21,28246
560,1,21,28246
561,1,21,28246
562,1,21,28246
563,1,21,28246
564,1,21,28246
565,1,21,28246
566,1,21,28246
567,1,21,28246
568,1,21,28246
569,1,21,28246
570,1,21,28246
571,1,21,28246
572,1,21,28246
573,1,21,28246
574,1,21,28246
575,1,21,28246
576,1,21,28246
577,1,21,28246
578,1,21,28246
579,1,21,28246
580,1,21,28246
581,1,21,28246
582,1,21,28246
583,1,21,28246
584,1,21,28246
585,1,21,28246
586,1,21,28246
587,1,21,28246
588,1,21,28246
589,1,21,28246
590,1,21,28246
591,1,21,28246
592,1,21,28246
593,1,21,28246
594,1,21,28246
595,1,21,28246
596,1,21,28246
597,1,21,28246
598,1,21,28246
599,1,21,28246
600,1,21,28246
601,1,21,28246
602,1,21,28246
603,1,21,28246
604,1,21,28246
605,1,21,28246
606,1,21,28246
607,1,21,28246
608,1,21,28246
609,1,21,28246
610,1,21,28246
611,1,21,28246
612,1,21,28246
613,1,21,28246
614,1,21,28246
615,1,21,28246
616,1,21,28246
617,1,21,28246
618,1,21,28246
619,1,21,28246
620,1,21,28246
621,1,21,28246
622,1,21,28246
623,1,21,28246
624,1,21,28246
625,1,21,28246
626,1,21,28246
627,1,21,28246
628,1,21,28246
629,1,21,28246
630,1,21,28246
631,1,21,28246
632,1,21,28246
633,1,21,28246
634,1,21,28246
635,1,21,28246
636,1,21,28246
637,1,21,28246
638,1,21,28246
639,1,21,28246
640,1,21,28246
641,1,21,28246
642,1,21,28246
643,1,21,28246
644,1,21,28246
645,1,21,28246
646,1,21,28246
647,1,21,28246
648,1,21,28246
649,1,21,28246
650,1,21,28246
651,1,21,28246
652,1,21,28246
653,1,21,28246
654,1,21,28246
655,1,21,28246
656,1,21,28246
657,1,21,28246
658,1,21,28246
659,1,21,28246
660,1,21,28246
661,1,21,28246
662,1,21,28246
663,1,21,28246
664,1,21,28246
665,1,21,28246
666,1,21,28246
667,1,21,28246
668,1,21,28246
669,1,21,28246
670,1,21,28246
671,1,21,28246
672,1,21,28246
673,1,21,28246
674,1,21,28246
675,1,21,28246
676,1,21,28246
677,1,21,28246
678,1,21,28246
679,1,21,28246
680,1,21,28246
681,1,21,28246
682,1,21,28246
683,1,21,28246
684,1,21,28246
685,1,21,28246
686,1,21,28246
687,1,21,28246
688,1,21,28246
689,1,21,28246
690,1,21,28246
691,1,21,28246
692,1,21,28246
693,1,21,28246
694,1,21,28246
695,1,21,28246
696,1,21,28246
697,1,21,28246
698,1,21,28246
699,1,21,28246
700,1,21,28246
701,1,21,28246
702,1,21,28246
703,1,21,28246
704,1,21,28246
705,1,21,28246
706,1,21,28246
707,1,21,28246
708,1,21,28246
709,1,21,28246
710,1,21,28246
711,1,21,28246
712,1,21,28246
713,1,21,28246
714,1,21,28246
715,1,21,28246
716,1,21,28246
717,1,21,28246
718,1,21,28246
719,1,21,28246
720,1,21,28246
721,1,21,28246
722,1,21,28246
723,1,21,28246
724,1,21,28246
725,1,21,28246
726,1,21,28246
727,1,21,28246
728,1,21,28246
729,1,21,28246
730,1,21,28246
731,1,21,28246
732,1,21,28246
733,1,21,28246
734,1,21,28246
735,1,21,28246
736,1,21,28246
737,1,21,28246
738,1,21,28246
739,1,21,28246
740,1,21,28246
741,1,21,28246
742,1,21,28246
743,1,21,28246
744,1,21,28246
745,1,21,28246
746,1,21,28246
747,1,21,28246
748,1,21,28246
749,1,21,28246
750,1,21,28246
751,1,21,28246
752,1,21,28246
753,1,21,28246
754,1,21,28246
755,1,21,28246
756,1,21,28246
757,1,21,28246
758,1,21,28246
759,1,21,28246
760,1,21,28246
761,1,21,28246
762,1,21,28246
763,1,21,28246
764,1,21,28246
765,1,21,28246
766,1,21,28246
767,1,21,28246
768,1,21,28246
769,1,21,28246
770,1,21,28246
771,1,21,28246
772,1,21,28246
773,1,21,28246
774,1,21,28246
775,1,21,28246
776,1,21,28246
777,1,21,28246
778,1,21,28246
779,1,21,28246
780,1,21,28246
781,1,21,28246
782,1,21,28246
783,1,21,28246
784,1,21,28246
785,1,21,28246
786,1,21,28246
787,1,21,28246
788,1,21,28246
789,1,21,28246
790,1,21,28246
791,1,21,28246
792,1,21,28246
793,1,21,28246
794,1,21,28246
795,1,21,28246
796,1,21,28246
797,1,21,28246
798,1,21,28246
799,1,21,28246
800,1,21,28246
801,1,21,28246
802,1,21,28246
803,1,21,28246
804,1,21,28246
805,1,21,28246
806,1,21,28246
807,1,21,28246
808,1,21,28246
809,1,21,28246
810,1,21,28246
811,1,21,28246
812,1,21,28246
813,1,21,28246
814,1,21,28246
815,1,21,28246
816,1,21,28246
817,1,21,28246
818,1,21,28246
819,1,21,28246
820,1,21,28246
821,1,21,28246
822,1,21,28246
823,1,21,28246
824,1,21,28246
825,1,21,28246
826,1,21,28246
827,1,21,28246
828,1,21,28246
829,1,21,28246
830,1,21,28246
831,1,21,28246
832,1,21,28246
833,1,21,28246
834,1,21,28246
835,1,21,28246
836,1,21,28246
837,1,21,28246
838,1,21,28246
839,1,21,28246
840,1,21,28246
841,1,21,28246
842,1,21,28246
843,1,21,28246
844,1,21,28246
845,1,21,28246
846,1,21,28246
847,1,21,28246
848,1,21,28246
849,1,21,28246
850,1,21,28246
851,1,21,28246
852,1,21,28246
853,1,21,28246
854,1,21,28246
855,1,21,28246
856,1,21,28246
857,1,21,28246
858,1,21,28246
859,1,21,28246
860,1,21,28246
861,1,21,28246
862,1,21,28246
863,1,21,28246
864,1,21,28246
865,1,21,28246
866,1,21,28246
867,1,21,28246
868,1,21,28246
869,1,21,28246
870,1,21,28246
871,1,21,28246
872,1,21,28246
873,1,21,28246
874,1,21,28246
875,1,21,28246
876,1,21,28246
877,1,21,28246
878,1,21,28246
879,1,21,28246
880,1,21,28246
881,1,21,28246
882,1,21,28246
883,1,21,28246
884,1,21,28246
885,1,21,28246
886,1,21,28246
887,1,21,28246
888,1,21,28246
889,1,21,28246
890,1,21,28246
891,1,21,28246
892,1,21,28246
893,1,21,28246
894,1,21,28246
895,1,21,28246
896,1,21,28246
897,1,21,28246
898,1,21,28246
899,1,21,28246
900,1,21,28246
901,1,21,28246
902,1,21,28246
903,1,21,28246
904,1,21,28246
905,1,21,28246
906,1,21,28246
907,1,21,28246
908,1,21,28246
909,1,21,28246
910,1,21,28246
911,1,21,28246
912,1,21,28246
913,1,21,28246
914,1,21,28246
915,1,21,28246
916,1,21,28246
917,1,21,28246
918,1,21,28246
919,1,21,28246
920,1,21,28246
921,1,21,28246
922,1,21,28246
923,1,21,28246
924,1,21,28246
925,1,21,28246
926,1,21,28246
927,1,21,28246
928,1,21,28246
929,1,21,28246
930,1,21,28246
931,1,21,28246
932,1,21,28246
933,1,21,28246
934,1,21,28246
935,1,21,28246
936,1,21,28246
937,1,21,28246
938,1,21,28246
939,1,21,28246
940,1,21,28246
941,1,21,28246
942,1,21,28246
943,1,21,28246
944,1,21,28246
945,1,21,28246
946,1,21,28246
947,1,21,28246
948,1,21,28246
949,1,21,28246
950,1,21,28246
951,1,21,28246
952,1,21,28246
953,1,21,28246
954,1,21,28246
955,1,21,28246
956,1,21,28246
957,1,21,28246
958,1,21,28246
959,1,21,28246
960,1,21,28246
961,1,21,28246
962,1,21,28246
963,1,21,28246
964,1,21,28246
965,1,21,28246
966,1,21,28246
967,1,21,28246
968,1,21,28246
969,1,21,28246
970,1,21,28246
971,1,21,28246
972,1,21,28246
973,1,21,28246
974,1,21,28246
975,1,21,28246
976,1,21,28246
977,1,21,28246
978,1,21,28246
979,1,21,28246
980,1,21,28246
981,1,21,28246
982,1,21,28246
983,1,21,28246
984,1,21,28246
985,1,21,28246
986,1,21,28246
987,1,21,28246
988,1,21,28246
989,1,21,28246
990,1,21,28246
991,1,21,28246
992,1,21,28246
993,1,21,28246
994,1,21,28246
995,1,21,28246
996,1,21,28246
997,1,21,28246
998,1,21,28246
999,1,21,28246
